{"display":{"thirdperson_righthand":{"translation":[-0.75,0.0,-3.0],"scale":[0.87,0.87,0.87]},"thirdperson_lefthand":{"translation":[-0.75,0.0,-3.0],"scale":[0.87,0.87,0.87]},"firstperson_righthand":{"rotation":[0.75,0.0,0.02],"translation":[-3.75,3.7,-0.25]},"firstperson_lefthand":{"rotation":[0.75,0.0,0.02],"translation":[-3.75,3.7,-0.25]},"ground":{"scale":[0.53,0.53,0.53]},"gui":{"rotation":[90.0,-47.5,90.0],"scale":[0.7,0.7,0.7]},"head":{"scale":[0.0,0.0,0.0]},"fixed":{"translation":[0.0,0.0,-0.25],"scale":[0.0,0.0,0.0]}},"elements":[{"from":[7.375,7.875,5.25],"to":[8.625,9.25,15.25],"faces":{"east":{"uv":[7.75,15.0,2.75,15.75],"texture":"#skin"},"west":{"uv":[2.75,15.0,7.75,15.75],"texture":"#skin"},"up":{"uv":[7.75,8.75,2.75,8.125],"texture":"#skin","rotation":90},"down":{"uv":[2.75,9.375,7.75,8.75],"texture":"#skin","rotation":90}}},{"from":[7.625,6.875,11.875],"to":[8.375,7.875,13.375],"faces":{"north":{"uv":[1.75,2.5,2.125,3.0],"texture":"#skin"},"east":{"uv":[14.75,14.0,13.875,14.5],"texture":"#skin"},"south":{"uv":[2.125,2.5,2.5,3.0],"texture":"#skin"},"west":{"uv":[13.875,14.0,14.75,14.5],"texture":"#skin"}}},{"from":[7.63,4.2400794,12.181709],"to":[8.37,7.2400794,13.587959],"rotation":{"origin":[8.078125,6.286575,12.946044],"axis":"x","angle":-22.5},"faces":{"north":{"uv":[1.75,3.0,2.125,4.5],"texture":"#skin"},"east":{"uv":[14.621094,14.5,13.894531,16.0],"texture":"#skin"},"south":{"uv":[2.125,3.0,2.5,4.5],"texture":"#skin"},"west":{"uv":[13.894531,14.5,14.621094,16.0],"texture":"#skin"},"down":{"uv":[1.75,4.875,2.5,4.5],"texture":"#skin","rotation":90}}},{"from":[7.75,7.125,11.75],"to":[8.25,7.875,11.875],"faces":{"north":{"uv":[6.25,12.125,6.5,12.5],"texture":"#skin"},"east":{"uv":[6.25,12.125,6.125,12.5],"texture":"#skin"},"west":{"uv":[6.125,12.125,6.25,12.5],"texture":"#skin"}}},{"from":[7.875,8.109928,11.954188],"to":[8.125,8.484928,12.079188],"rotation":{"origin":[8.078125,6.286575,12.946044],"axis":"x","angle":-22.5},"faces":{"north":{"uv":[6.625,11.125,6.75,11.25],"texture":"#skin"},"east":{"uv":[6.625,11.125,6.75,11.25],"texture":"#skin"},"south":{"uv":[6.625,11.125,6.75,11.25],"texture":"#skin"},"west":{"uv":[6.625,11.125,6.75,11.25],"texture":"#skin"}}},{"from":[7.88,7.389403,11.322407],"to":[8.12,7.639403,11.447407],"faces":{"north":{"uv":[6.625,11.25,6.75,11.375],"texture":"#skin"},"east":{"uv":[6.625,11.25,6.75,11.375],"texture":"#skin"},"south":{"uv":[6.625,11.25,6.75,11.375],"texture":"#skin"},"west":{"uv":[6.625,11.25,6.75,11.375],"texture":"#skin"}}},{"from":[7.875,6.481951,11.01445],"to":[8.125,6.731951,11.13945],"rotation":{"origin":[8.078125,6.286575,12.946044],"axis":"x","angle":22.5},"faces":{"north":{"uv":[6.75,11.375,6.625,11.5],"texture":"#skin"},"east":{"uv":[6.75,11.375,6.625,11.5],"texture":"#skin"},"south":{"uv":[6.75,11.375,6.625,11.5],"texture":"#skin"},"west":{"uv":[6.75,11.375,6.625,11.5],"texture":"#skin"},"down":{"uv":[6.75,11.375,6.625,11.5],"texture":"#skin"}}},{"from":[7.755,5.622089,11.470845],"to":[8.245,6.122089,11.595845],"rotation":{"origin":[8.078125,6.286575,12.946044],"axis":"x","angle":45.0},"faces":{"north":{"uv":[6.25,11.875,6.5,12.125],"texture":"#skin"},"east":{"uv":[6.25,11.875,6.125,12.125],"texture":"#skin"},"south":{"uv":[5.875,11.875,6.125,12.125],"texture":"#skin"},"west":{"uv":[6.125,11.875,6.25,12.125],"texture":"#skin"}}},{"from":[7.75,6.7714467,10.353554],"to":[8.25,6.8964467,11.521446],"faces":{"east":{"uv":[6.25,11.25,6.125,11.875],"texture":"#skin","rotation":90},"west":{"uv":[6.125,11.25,6.25,11.875],"texture":"#skin","rotation":90},"up":{"uv":[6.5,11.875,6.25,11.25],"texture":"#skin"},"down":{"uv":[6.125,11.25,5.875,11.875],"texture":"#skin"}}},{"from":[7.755,8.462599,11.455732],"to":[8.245,8.962599,11.580732],"rotation":{"origin":[8.078125,6.286575,12.946044],"axis":"x","angle":-45.0},"faces":{"north":{"uv":[6.25,11.0,6.5,11.25],"texture":"#skin"},"east":{"uv":[6.25,11.0,6.125,11.25],"texture":"#skin"},"south":{"uv":[5.875,11.0,6.125,11.25],"texture":"#skin"},"west":{"uv":[6.125,11.0,6.25,11.25],"texture":"#skin"}}},{"from":[7.75,7.125,10.0],"to":[8.25,7.875,10.125],"faces":{"east":{"uv":[6.25,10.625,6.125,11.0],"texture":"#skin"},"south":{"uv":[5.875,10.625,6.125,11.0],"texture":"#skin"},"west":{"uv":[6.125,10.625,6.25,11.0],"texture":"#skin"}}},{"from":[7.6875,6.875,9.25],"to":[8.3125,7.875,10.0],"faces":{"east":{"uv":[3.5,10.75,3.125,11.25],"texture":"#skin"},"south":{"uv":[3.5,10.75,3.875,11.25],"texture":"#skin"},"west":{"uv":[3.125,10.75,3.5,11.25],"texture":"#skin"},"down":{"uv":[3.5,11.25,3.125,11.625],"texture":"#skin"}}},{"from":[7.8125,7.4946237,9.756525],"to":[8.1875,8.244623,9.881525],"rotation":{"origin":[8.078125,6.286575,12.946044],"axis":"x","angle":-22.5},"faces":{"north":{"uv":[3.875,11.25,4.125,11.625],"texture":"#skin"},"east":{"uv":[3.5,11.25,3.625,11.625],"texture":"#skin"},"south":{"uv":[3.625,11.25,3.875,11.625],"texture":"#skin"},"west":{"uv":[3.5,11.25,3.625,11.625],"texture":"#skin"},"down":{"uv":[3.875,11.625,3.625,11.75],"texture":"#skin"}}},{"from":[7.625,6.5,7.25],"to":[8.375,7.875,9.25],"faces":{"north":{"uv":[15.25,9.0,15.625,9.75],"texture":"#skin"},"east":{"uv":[16.0,12.5,15.0,13.25],"texture":"#skin"},"south":{"uv":[15.625,9.0,16.0,9.75],"texture":"#skin"},"west":{"uv":[15.0,12.5,16.0,13.25],"texture":"#skin"},"up":{"uv":[15.25,10.5,14.875,11.5],"texture":"#skin"}}},{"from":[7.63,2.8193393,7.6059203],"to":[8.37,5.0693393,9.449671],"rotation":{"origin":[8.078125,6.286575,12.946044],"axis":"x","angle":22.5},"faces":{"north":{"uv":[15.25,9.75,15.625,10.875],"texture":"#skin"},"east":{"uv":[16.0,13.25,15.0,14.375],"texture":"#skin"},"south":{"uv":[15.625,9.75,16.0,10.875],"texture":"#skin"},"west":{"uv":[15.0,13.25,16.0,14.375],"texture":"#skin"}}},{"from":[7.625,-1.5047373,9.042669],"to":[8.375,1.7452627,11.042669],"rotation":{"origin":[8.078125,6.286575,12.946044],"axis":"x","angle":45.0},"faces":{"north":{"uv":[15.25,10.875,15.625,12.5],"texture":"#skin"},"east":{"uv":[16.0,14.375,15.0,16.0],"texture":"#skin"},"south":{"uv":[15.625,10.875,16.0,12.5],"texture":"#skin"},"west":{"uv":[15.0,14.375,16.0,16.0],"texture":"#skin"},"down":{"uv":[15.25,11.5,14.875,12.5],"texture":"#skin"}}},{"from":[7.375,9.25,6.0],"to":[8.0,9.75,6.25],"faces":{"north":{"uv":[2.5,7.875,2.75,8.125],"texture":"#skin"},"east":{"uv":[3.25,14.75,3.125,15.0],"texture":"#skin"},"west":{"uv":[3.125,14.75,3.25,15.0],"texture":"#skin"},"up":{"uv":[3.0,8.125,2.75,8.0],"texture":"#skin"}}},{"from":[7.625,10.0,6.0],"to":[8.375,10.375,8.875],"faces":{"east":{"uv":[4.625,14.25,3.125,14.4375],"texture":"#skin"},"west":{"uv":[3.125,14.25,4.625,14.4375],"texture":"#skin"},"up":{"uv":[4.25,7.875,2.75,7.5],"texture":"#skin","rotation":90},"down":{"uv":[4.625,14.5,3.125,14.375],"texture":"#skin","rotation":90}}},{"from":[7.38,8.531109,15.940568],"to":[8.62,9.906109,19.940569],"rotation":{"origin":[8.078125,6.286575,12.946044],"axis":"x","angle":22.5},"faces":{"east":{"uv":[10.75,15.0,8.75,15.75],"texture":"#skin"},"west":{"uv":[8.75,15.0,10.75,15.75],"texture":"#skin"},"down":{"uv":[1.25,3.5,0.625,5.5],"texture":"#skin"}}},{"from":[7.375,5.683565,20.267088],"to":[8.625,8.933565,23.142088],"faces":{"east":{"uv":[12.25,14.125,10.75,15.75],"texture":"#skin"},"south":{"uv":[1.25,5.375,1.875,7.0],"texture":"#skin"},"west":{"uv":[10.75,14.125,12.25,15.75],"texture":"#skin"},"up":{"uv":[0.625,7.0,0.0,5.5],"texture":"#skin"},"down":{"uv":[1.25,5.5,0.625,7.0],"texture":"#skin"}}},{"from":[7.375,6.933565,17.767088],"to":[8.625,8.933565,20.267088],"faces":{"east":{"uv":[10.75,14.0,9.5,15.0],"texture":"#skin"},"west":{"uv":[9.5,14.0,10.75,15.0],"texture":"#skin"},"up":{"uv":[0.625,5.5,0.0,4.25],"texture":"#skin"}}},{"from":[7.3852,6.137141,17.413067],"to":[8.6152,6.887141,18.413067],"rotation":{"origin":[8.078125,6.286575,12.946044],"axis":"x","angle":-22.5},"faces":{"east":{"uv":[9.5,14.0,9.0,14.375],"texture":"#skin"},"west":{"uv":[9.0,14.0,9.5,14.375],"texture":"#skin"},"up":{"uv":[0.625,4.25,0.0,3.75],"texture":"#skin"}}},{"from":[7.375,8.125,3.75],"to":[8.625,9.25,5.25],"faces":{"east":{"uv":[2.75,15.125,2.0,15.75],"texture":"#skin"},"west":{"uv":[2.0,15.125,2.75,15.75],"texture":"#skin"},"up":{"uv":[2.75,14.375,2.0,13.75],"texture":"#skin","rotation":90}}},{"from":[6.0622277,7.754487,-5.75],"to":[6.4997277,8.191987,-4.0],"rotation":{"origin":[8.078125,6.286575,12.946044],"axis":"z","angle":-45.0},"faces":{"east":{"uv":[0.25,11.0,0.0,10.125],"texture":"#skin","rotation":90},"west":{"uv":[1.0,12.875,1.875,13.125],"texture":"#skin"},"up":{"uv":[1.0,13.125,1.875,12.875],"texture":"#skin","rotation":90},"down":{"uv":[0.25,10.125,0.0,11.0],"texture":"#skin"}}},{"from":[5.2667327,8.549982,-2.0],"to":[5.7042327,8.987482,-0.25],"rotation":{"origin":[8.078125,6.286575,12.946044],"axis":"z","angle":-45.0},"faces":{"east":{"uv":[2.0,12.625,2.875,12.875],"texture":"#skin"},"west":{"uv":[2.0,12.375,2.875,12.625],"texture":"#skin"},"up":{"uv":[2.0,12.625,2.875,12.375],"texture":"#skin","rotation":90},"down":{"uv":[2.0,12.875,2.875,12.625],"texture":"#skin","rotation":90}}},{"from":[7.5,9.25,3.75],"to":[8.5,10.375,6.0],"faces":{"north":{"uv":[1.125,7.5,1.625,8.125],"texture":"#skin"},"east":{"uv":[3.125,14.375,2.0,15.0],"texture":"#skin"},"south":{"uv":[1.625,7.5,2.125,8.125],"texture":"#skin"},"west":{"uv":[2.0,14.375,3.125,15.0],"texture":"#skin"},"up":{"uv":[1.125,8.125,0.0,7.625],"texture":"#skin","rotation":90}}},{"from":[7.375,7.625,3.75],"to":[8.625,8.125,5.0],"faces":{"east":{"uv":[2.75,15.75,2.125,16.0],"texture":"#skin"},"west":{"uv":[2.125,15.75,2.75,16.0],"texture":"#skin"},"down":{"uv":[1.75,8.75,1.125,9.375],"texture":"#skin"}}},{"from":[7.38,12.851686,8.273751],"to":[8.62,13.351686,9.023751],"rotation":{"origin":[8.078125,6.286575,12.946044],"axis":"x","angle":-45.0},"faces":{"east":{"uv":[3.125,15.75,2.75,16.0],"texture":"#skin"},"west":{"uv":[2.75,15.75,3.125,16.0],"texture":"#skin"},"down":{"uv":[2.375,8.75,1.75,9.125],"texture":"#skin"}}},{"from":[7.38,0.7303995,4.7470493],"to":[8.62,1.1053995,5.4970493],"rotation":{"origin":[8.078125,6.286575,12.946044],"axis":"x","angle":45.0},"faces":{"east":{"uv":[2.125,15.75,1.75,16.0],"texture":"#skin"},"west":{"uv":[1.75,15.75,2.125,16.0],"texture":"#skin"},"down":{"uv":[1.125,8.75,0.5,9.125],"texture":"#skin"}}},{"from":[7.6275,7.4725013,12.092705],"to":[8.3725,7.9725013,12.342705],"rotation":{"origin":[8.078125,6.286575,12.946044],"axis":"x","angle":45.0},"faces":{"east":{"uv":[14.875,14.0,14.75,14.25],"texture":"#skin"},"south":{"uv":[14.5,13.75,14.875,14.0],"texture":"#skin"},"west":{"uv":[14.75,14.0,14.875,14.25],"texture":"#skin"}}},{"from":[7.63,8.892458,10.2700205],"to":[8.37,9.392458,11.153904],"rotation":{"origin":[8.078125,6.286575,12.946044],"axis":"x","angle":45.0},"faces":{"east":{"uv":[7.375,14.25,6.875,14.5],"texture":"#skin"},"west":{"uv":[6.875,14.25,7.375,14.5],"texture":"#skin"},"up":{"uv":[7.0,7.875,6.5,7.5],"texture":"#skin","rotation":90}}},{"from":[7.378,8.892458,11.153904],"to":[7.868,9.392458,12.037787],"rotation":{"origin":[8.078125,6.286575,12.946044],"axis":"x","angle":45.0},"faces":{"east":{"uv":[7.625,14.75,7.125,15.0],"texture":"#skin"},"west":{"uv":[7.125,14.75,7.625,15.0],"texture":"#skin"},"up":{"uv":[7.375,8.125,6.875,7.875],"texture":"#skin","rotation":90}}},{"from":[7.75,10.0,-0.25],"to":[8.25,10.375,3.75],"faces":{"north":{"uv":[0.0,14.0,0.25,14.25],"texture":"#skin"},"up":{"uv":[2.0,14.5,0.0,14.25],"texture":"#skin","rotation":90}}},{"from":[10.206729,9.034548,-0.245],"to":[10.737979,9.409548,3.745],"rotation":{"origin":[8.078125,6.286575,12.946044],"axis":"z","angle":45.0},"faces":{"north":{"uv":[0.25,14.0,0.5,14.25],"texture":"#skin"},"south":{"uv":[0.5,14.0,0.75,14.25],"texture":"#skin"},"up":{"uv":[2.0,14.75,0.0,14.5],"texture":"#skin","rotation":90}}},{"from":[5.9372277,7.629487,-0.75],"to":[6.6247277,8.316987,-0.25],"rotation":{"origin":[8.078125,6.286575,12.946044],"axis":"z","angle":-45.0},"faces":{"north":{"uv":[3.375,13.25,3.75,13.625],"texture":"#skin"},"east":{"uv":[0.375,12.875,0.0,12.625],"texture":"#skin","rotation":90},"west":{"uv":[3.5,12.875,3.75,13.25],"texture":"#skin"},"up":{"uv":[3.5,13.25,3.75,12.875],"texture":"#skin","rotation":90},"down":{"uv":[0.375,12.625,0.0,12.875],"texture":"#skin"}}},{"from":[5.9372277,7.629487,-4.0],"to":[6.6247277,8.316987,-2.75],"rotation":{"origin":[8.078125,6.286575,12.946044],"axis":"z","angle":-45.0},"faces":{"north":{"uv":[1.875,13.25,2.25,13.625],"texture":"#skin"},"east":{"uv":[0.375,11.625,0.0,11.0],"texture":"#skin","rotation":90},"south":{"uv":[2.25,13.25,2.625,13.625],"texture":"#skin"},"west":{"uv":[1.875,12.875,2.5,13.25],"texture":"#skin"},"up":{"uv":[1.875,13.25,2.5,12.875],"texture":"#skin","rotation":90},"down":{"uv":[0.375,11.0,0.0,11.625],"texture":"#skin"}}},{"from":[5.1417327,8.424982,-2.75],"to":[5.8292327,9.112482,-2.0],"rotation":{"origin":[8.078125,6.286575,12.946044],"axis":"z","angle":-45.0},"faces":{"north":{"uv":[0.875,12.125,1.25,12.5],"texture":"#skin"},"east":{"uv":[1.625,12.875,1.25,12.5],"texture":"#skin","rotation":90},"south":{"uv":[1.625,12.125,2.0,12.5],"texture":"#skin"},"west":{"uv":[1.25,12.125,1.625,12.5],"texture":"#skin"},"up":{"uv":[1.25,12.5,1.625,12.125],"texture":"#skin","rotation":90},"down":{"uv":[1.625,12.5,1.25,12.875],"texture":"#skin"}}},{"from":[7.78125,19.575481,2.8256862],"to":[8.21875,20.075481,4.5756865],"rotation":{"origin":[8.078125,6.286575,12.946044],"axis":"x","angle":-45.0},"faces":{"north":{"uv":[0.375,11.5,0.625,11.75],"texture":"#skin"},"east":{"uv":[1.25,12.625,0.375,12.875],"texture":"#skin"},"west":{"uv":[0.375,12.625,1.25,12.875],"texture":"#skin"},"up":{"uv":[0.5,12.625,0.25,11.75],"texture":"#skin"},"down":{"uv":[0.75,11.75,0.5,12.625],"texture":"#skin"}}},{"from":[5.9372277,7.629487,-7.125],"to":[6.6247277,8.316987,-5.75],"rotation":{"origin":[8.078125,6.286575,12.946044],"axis":"z","angle":-45.0},"faces":{"north":{"uv":[0.25,13.25,0.625,13.625],"texture":"#skin"},"east":{"uv":[0.375,10.125,0.0,9.375],"texture":"#skin","rotation":90},"south":{"uv":[0.625,13.25,1.0,13.625],"texture":"#skin"},"west":{"uv":[0.25,12.875,1.0,13.25],"texture":"#skin"},"up":{"uv":[0.25,13.25,1.0,12.875],"texture":"#skin","rotation":90},"down":{"uv":[0.375,9.375,0.0,10.125],"texture":"#skin"}}},{"from":[8.0,8.202665,-6.625],"to":[8.0,8.327665,-0.25],"faces":{"east":{"uv":[3.875,13.625,0.625,13.75],"texture":"#skin"},"west":{"uv":[0.625,13.625,3.875,13.75],"texture":"#skin"}}},{"from":[6.0309777,7.723237,-7.5],"to":[6.5309777,8.223237,-7.125],"rotation":{"origin":[8.078125,6.286575,12.946044],"axis":"z","angle":-45.0},"faces":{"north":{"uv":[0.0,13.125,0.25,13.375],"texture":"#skin"},"east":{"uv":[0.25,9.375,0.0,9.125],"texture":"#skin","rotation":90},"west":{"uv":[0.0,12.875,0.25,13.125],"texture":"#skin"},"up":{"uv":[0.0,13.125,0.25,12.875],"texture":"#skin","rotation":90},"down":{"uv":[0.25,9.125,0.0,9.375],"texture":"#skin"}}},{"from":[6.0622277,7.754487,-2.75],"to":[6.4997277,8.191987,-0.75],"rotation":{"origin":[8.078125,6.286575,12.946044],"axis":"z","angle":-45.0},"faces":{"east":{"uv":[0.25,12.625,0.0,11.625],"texture":"#skin","rotation":90},"west":{"uv":[2.5,12.875,3.5,13.125],"texture":"#skin"},"up":{"uv":[2.5,13.125,3.5,12.875],"texture":"#skin","rotation":90},"down":{"uv":[0.25,11.625,0.0,12.625],"texture":"#skin"}}},{"from":[7.875,8.140165,-6.375],"to":[8.125,8.390165,-6.0],"faces":{"north":{"uv":[0.125,13.625,0.25,13.75],"texture":"#skin"},"east":{"uv":[0.5,13.625,0.25,13.75],"texture":"#skin"},"south":{"uv":[0.5,13.625,0.625,13.75],"texture":"#skin"},"west":{"uv":[0.25,13.625,0.5,13.75],"texture":"#skin"},"down":{"uv":[0.25,13.875,0.5,13.75],"texture":"#skin","rotation":90}}},{"from":[7.75,8.90625,-7.03125],"to":[8.25,9.90625,-6.78125],"faces":{"north":{"uv":[0.875,11.5,1.125,12.0],"texture":"#skin"},"east":{"uv":[1.125,11.5,1.25,12.0],"texture":"#skin"},"south":{"uv":[1.25,11.5,1.5,12.0],"texture":"#skin"},"west":{"uv":[1.125,11.5,1.25,12.0],"texture":"#skin"}}},{"from":[7.75,9.90625,-7.03125],"to":[8.25,10.40625,-6.40625],"faces":{"north":{"uv":[0.875,11.25,1.125,11.5],"texture":"#skin"},"east":{"uv":[1.5,11.25,1.125,11.5],"texture":"#skin"},"west":{"uv":[1.125,11.25,1.5,11.5],"texture":"#skin"},"up":{"uv":[1.5,11.25,1.125,11.0],"texture":"#skin","rotation":90},"down":{"uv":[1.125,11.0,1.5,10.75],"texture":"#skin","rotation":90}}},{"from":[7.755,15.873461,-3.606613],"to":[8.245,17.49846,-3.356613],"rotation":{"origin":[8.078125,6.286575,12.946044],"axis":"x","angle":-22.5},"faces":{"north":{"uv":[1.875,11.125,2.125,12.0],"texture":"#skin"},"east":{"uv":[1.5,11.125,1.625,12.0],"texture":"#skin"},"south":{"uv":[1.625,11.125,1.875,12.0],"texture":"#skin"},"west":{"uv":[1.5,11.125,1.625,12.0],"texture":"#skin"},"down":{"uv":[1.875,11.0,1.625,11.125],"texture":"#skin"}}},{"from":[7.755,22.883762,1.733014],"to":[7.88,23.325705,2.1749556],"rotation":{"origin":[8.078125,6.286575,12.946044],"axis":"x","angle":-45.0},"faces":{"east":{"uv":[2.375,11.5,2.125,11.75],"texture":"#skin"},"south":{"uv":[2.25,11.75,2.375,12.0],"texture":"#skin"},"west":{"uv":[2.125,11.5,2.375,11.75],"texture":"#skin"},"up":{"uv":[2.25,12.0,2.125,11.75],"texture":"#skin"}}},{"from":[7.96875,10.40625,-6.71875],"to":[8.03125,10.59375,-6.71875],"faces":{"north":{"uv":[2.0,10.5,2.125,10.625],"texture":"#skin"},"south":{"uv":[2.0,10.5,2.125,10.625],"texture":"#skin"}}},{"from":[7.5625,10.375,4.25],"to":[7.8125,10.5,6.0],"faces":{"east":{"uv":[4.25,9.375,3.375,9.5],"texture":"#skin"},"south":{"uv":[4.25,9.375,4.375,9.5],"texture":"#skin"},"west":{"uv":[3.375,9.375,4.25,9.5],"texture":"#skin"},"up":{"uv":[4.25,9.625,3.375,9.5],"texture":"#skin","rotation":90}}},{"from":[7.5625,10.5,4.5],"to":[7.8125,10.6875,5.25],"faces":{"east":{"uv":[3.375,9.625,3.0,9.75],"texture":"#skin"},"south":{"uv":[3.375,9.625,3.5,9.75],"texture":"#skin"},"west":{"uv":[3.0,9.625,3.375,9.75],"texture":"#skin"},"up":{"uv":[3.375,9.875,3.0,9.75],"texture":"#skin","rotation":90}}},{"from":[7.625,10.59375,4.5],"to":[8.375,10.59375,6.0],"faces":{"up":{"uv":[5.0,10.25,4.625,9.5],"texture":"#skin"},"down":{"uv":[5.0,9.5,4.625,10.25],"texture":"#skin"}}},{"from":[7.5675,13.364211,6.01458],"to":[7.8075,13.584661,6.827078],"rotation":{"origin":[8.078125,6.286575,12.946044],"axis":"x","angle":-22.5},"faces":{"east":{"uv":[3.125,10.0,2.75,10.125],"texture":"#skin"},"west":{"uv":[2.75,10.0,3.125,10.125],"texture":"#skin"},"up":{"uv":[3.125,10.0,2.75,9.875],"texture":"#skin","rotation":90}}},{"from":[7.8125,10.375,3.75],"to":[8.1875,10.59375,4.5],"faces":{"north":{"uv":[2.75,9.375,3.0,9.5],"texture":"#skin"},"east":{"uv":[3.375,9.5,3.0,9.625],"texture":"#skin"},"south":{"uv":[3.0,9.375,3.25,9.5],"texture":"#skin"},"west":{"uv":[3.0,9.5,3.375,9.625],"texture":"#skin"},"up":{"uv":[3.0,9.875,2.75,9.5],"texture":"#skin"}}},{"from":[7.5,14.237643,10.898841],"to":[7.875,14.425143,11.086341],"rotation":{"origin":[8.078125,6.286575,12.946044],"axis":"x","angle":-45.0},"faces":{"north":{"uv":[3.875,10.0,3.625,10.125],"texture":"#skin"},"east":{"uv":[3.5,10.0,3.625,10.125],"texture":"#skin"},"south":{"uv":[3.625,10.0,3.875,10.125],"texture":"#skin"},"west":{"uv":[3.5,10.0,3.625,10.125],"texture":"#skin"},"up":{"uv":[3.625,10.0,3.875,10.125],"texture":"#skin"},"down":{"uv":[3.625,10.0,3.875,10.125],"texture":"#skin"}}},{"from":[7.75,9.015315,14.675075],"to":[8.25,9.515315,15.175075],"rotation":{"origin":[8.078125,6.286575,12.946044],"axis":"x","angle":-22.5},"faces":{"east":{"uv":[7.625,14.25,7.375,14.5],"texture":"#skin"},"south":{"uv":[7.375,14.0,7.625,14.25],"texture":"#skin"},"west":{"uv":[7.375,14.25,7.625,14.5],"texture":"#skin"},"up":{"uv":[7.875,14.5,7.625,14.25],"texture":"#skin"}}},{"from":[7.375,9.25,11.0],"to":[8.0,9.75,13.75],"faces":{"north":{"uv":[5.625,14.75,5.75,15.0],"texture":"#skin"},"east":{"uv":[7.125,14.75,5.625,15.0],"texture":"#skin"},"west":{"uv":[5.625,14.75,7.125,15.0],"texture":"#skin"},"up":{"uv":[6.875,8.125,5.375,7.875],"texture":"#skin","rotation":90}}},{"from":[7.625,9.625,8.875],"to":[8.375,10.375,13.25],"faces":{"north":{"uv":[4.75,14.25,4.625,14.625],"texture":"#skin"},"east":{"uv":[6.875,14.25,4.625,14.625],"texture":"#skin"},"west":{"uv":[4.625,14.25,6.875,14.625],"texture":"#skin"},"up":{"uv":[6.5,7.875,4.25,7.5],"texture":"#skin","rotation":90},"down":{"uv":[6.875,14.625,4.625,14.5],"texture":"#skin","rotation":90}}},{"from":[7.625,9.625,6.0],"to":[8.375,10.0,6.25],"faces":{"east":{"uv":[3.125,14.4375,3.25,14.625],"texture":"#skin"},"south":{"uv":[3.25,14.4375,3.125,14.625],"texture":"#skin"},"west":{"uv":[3.125,14.4375,3.25,14.625],"texture":"#skin"}}},{"from":[8.3125,9.25,6.25],"to":[8.3125,10.0,11.0],"faces":{"east":{"uv":[0.0,7.0,2.375,7.375],"texture":"#skin"}}},{"from":[8.3125,3.81863,6.0166564],"to":[9.0,4.09988,6.2979064],"rotation":{"origin":[8.078125,6.286575,12.946044],"axis":"x","angle":45.0},"faces":{"north":{"uv":[2.625,7.0,2.5,7.375],"texture":"#skin","rotation":90},"east":{"uv":[2.5,6.875,2.625,7.0],"texture":"#skin"},"south":{"uv":[2.625,7.375,2.5,7.0],"texture":"#skin","rotation":90},"up":{"uv":[2.625,7.375,2.5,7.0],"texture":"#skin","rotation":90},"down":{"uv":[2.625,7.375,2.5,7.0],"texture":"#skin","rotation":90}}},{"from":[7.375,9.25,6.25],"to":[7.625,9.75,11.0],"faces":{"east":{"uv":[5.625,14.75,3.25,15.0],"texture":"#skin"},"west":{"uv":[3.25,14.75,5.625,15.0],"texture":"#skin"},"up":{"uv":[5.375,8.125,3.0,8.0],"texture":"#skin","rotation":90}}},{"from":[7.625,9.625,6.25],"to":[7.625,10.0,8.875],"faces":{"east":{"uv":[4.6054688,14.4375,3.265625,14.625],"texture":"#skin"},"west":{"uv":[3.265625,14.4375,4.6054688,14.625],"texture":"#skin"}}},{"from":[7.38,8.531109,13.940568],"to":[8.62,9.906109,15.940568],"rotation":{"origin":[8.078125,6.286575,12.946044],"axis":"x","angle":22.5},"faces":{"east":{"uv":[8.75,15.0,7.75,15.75],"texture":"#skin"},"west":{"uv":[7.75,15.0,8.75,15.75],"texture":"#skin"},"up":{"uv":[0.625,3.75,0.0,2.75],"texture":"#skin"},"down":{"uv":[1.25,2.5,0.625,3.5],"texture":"#skin"}}},{"from":[7.375,8.125,-0.25],"to":[8.625,9.25,3.75],"faces":{"north":{"uv":[2.0,8.125,2.625,8.75],"texture":"#skin"},"east":{"uv":[2.0,15.125,0.0,15.75],"texture":"#skin"},"west":{"uv":[0.0,15.125,2.0,15.75],"texture":"#skin"},"down":{"uv":[0.0,8.75,2.0,8.125],"texture":"#skin","rotation":90}}},{"from":[7.375,9.25,-0.25],"to":[8.625,10.0,3.75],"faces":{"north":{"uv":[0.75,13.875,1.375,14.25],"texture":"#skin"},"east":{"uv":[2.0,14.75,0.0,15.125],"texture":"#skin"},"south":{"uv":[1.375,13.875,2.0,14.25],"texture":"#skin"},"west":{"uv":[0.0,14.75,2.0,15.125],"texture":"#skin"}}},{"from":[8.0,9.25,6.0],"to":[8.625,9.75,6.25],"faces":{"north":{"uv":[2.75,7.875,2.5,8.125],"texture":"#skin"},"east":{"uv":[3.25,14.75,3.125,15.0],"texture":"#skin"},"west":{"uv":[3.125,14.75,3.25,15.0],"texture":"#skin"},"up":{"uv":[2.75,8.125,3.0,8.0],"texture":"#skin"}}},{"from":[8.1295,8.892458,11.153904],"to":[8.6195,9.392458,12.037787],"rotation":{"origin":[8.078125,6.286575,12.946044],"axis":"x","angle":45.0},"faces":{"east":{"uv":[7.625,14.75,7.125,15.0],"texture":"#skin"},"west":{"uv":[7.125,14.75,7.625,15.0],"texture":"#skin"},"up":{"uv":[7.375,7.875,6.875,8.125],"texture":"#skin","rotation":90}}},{"from":[8.0,9.25,11.0],"to":[8.625,9.75,13.875],"faces":{"north":{"uv":[5.75,14.75,5.625,15.0],"texture":"#skin"},"east":{"uv":[7.125,14.75,5.625,15.0],"texture":"#skin"},"west":{"uv":[5.625,14.75,7.125,15.0],"texture":"#skin"},"up":{"uv":[6.875,7.875,5.375,8.125],"texture":"#skin","rotation":90}}},{"from":[8.1875,10.5,4.5],"to":[8.4375,10.6875,5.25],"faces":{"east":{"uv":[3.375,9.625,3.0,9.75],"texture":"#skin"},"south":{"uv":[3.5,9.625,3.375,9.75],"texture":"#skin"},"west":{"uv":[3.0,9.625,3.375,9.75],"texture":"#skin"},"up":{"uv":[3.375,9.75,3.0,9.875],"texture":"#skin","rotation":90}}},{"from":[8.1925,13.364211,6.01458],"to":[8.4325,13.584661,6.827078],"rotation":{"origin":[8.078125,6.286575,12.946044],"axis":"x","angle":-22.5},"faces":{"east":{"uv":[3.125,10.0,2.75,10.125],"texture":"#skin"},"west":{"uv":[2.75,10.0,3.125,10.125],"texture":"#skin"},"up":{"uv":[3.125,9.875,2.75,10.0],"texture":"#skin","rotation":90}}},{"from":[5.307786,8.924062,-0.245],"to":[5.839036,9.299062,3.745],"rotation":{"origin":[8.078125,6.286575,12.946044],"axis":"z","angle":-45.0},"faces":{"north":{"uv":[0.5,14.0,0.25,14.25],"texture":"#skin"},"south":{"uv":[0.75,14.0,0.5,14.25],"texture":"#skin"},"up":{"uv":[2.0,14.5,0.0,14.75],"texture":"#skin","rotation":90}}},{"from":[7.8705,8.892458,11.153904],"to":[8.1295,9.392458,12.037787],"rotation":{"origin":[8.078125,6.286575,12.946044],"axis":"x","angle":45.0},"faces":{"up":{"uv":[7.5,7.625,7.0,7.75],"texture":"#skin","rotation":90}}},{"from":[8.12,22.883762,1.733014],"to":[8.245,23.325705,2.1749556],"rotation":{"origin":[8.078125,6.286575,12.946044],"axis":"x","angle":-45.0},"faces":{"east":{"uv":[2.375,11.5,2.125,11.75],"texture":"#skin"},"south":{"uv":[2.375,11.75,2.25,12.0],"texture":"#skin"},"west":{"uv":[2.125,11.5,2.375,11.75],"texture":"#skin"},"up":{"uv":[2.125,12.0,2.25,11.75],"texture":"#skin"}}},{"from":[8.1875,10.375,4.25],"to":[8.4375,10.5,6.0],"faces":{"east":{"uv":[4.25,9.375,3.375,9.5],"texture":"#skin"},"south":{"uv":[4.375,9.375,4.25,9.5],"texture":"#skin"},"west":{"uv":[3.375,9.375,4.25,9.5],"texture":"#skin"},"up":{"uv":[4.25,9.5,3.375,9.625],"texture":"#skin","rotation":90}}},{"from":[8.125,14.237643,10.898841],"to":[8.5,14.425143,11.086341],"rotation":{"origin":[8.078125,6.286575,12.946044],"axis":"x","angle":-45.0},"faces":{"north":{"uv":[3.625,10.0,3.875,10.125],"texture":"#skin"},"east":{"uv":[3.625,10.0,3.5,10.125],"texture":"#skin"},"south":{"uv":[3.875,10.0,3.625,10.125],"texture":"#skin"},"west":{"uv":[3.625,10.0,3.5,10.125],"texture":"#skin"},"up":{"uv":[3.875,10.0,3.625,10.125],"texture":"#skin"},"down":{"uv":[3.875,10.0,3.625,10.125],"texture":"#skin"}}},{"from":[7.375,9.5,13.75],"to":[7.875,9.75,13.875],"faces":{"east":{"uv":[7.125,14.75,7.0,14.875],"texture":"#skin"},"west":{"uv":[7.0,14.75,7.125,14.875],"texture":"#skin"},"up":{"uv":[5.5,8.125,5.375,7.875],"texture":"#skin","rotation":90}}},{"from":[8.0,9.25,6.2525],"to":[8.625,9.75,6.2525],"faces":{"north":{"uv":[2.75,7.875,2.5,8.125],"texture":"#skin"},"east":{"uv":[3.25,14.75,3.125,15.0],"texture":"#skin"},"south":{"uv":[2.5,7.875,2.75,8.125],"texture":"#skin"},"west":{"uv":[3.125,14.75,3.25,15.0],"texture":"#skin"},"up":{"uv":[2.75,8.125,3.0,8.0],"texture":"#skin"}}},{"from":[7.375,9.25,6.2525],"to":[8.0,9.75,6.2525],"faces":{"north":{"uv":[2.5,7.875,2.75,8.125],"texture":"#skin"},"east":{"uv":[3.25,14.75,3.125,15.0],"texture":"#skin"},"south":{"uv":[2.75,7.875,2.5,8.125],"texture":"#skin"},"west":{"uv":[3.125,14.75,3.25,15.0],"texture":"#skin"},"up":{"uv":[3.0,8.125,2.75,8.0],"texture":"#skin"}}}],"textures":{"particle":"item/042e366834a21a83","skin":"item/042e366834a21a83"}}